﻿{"cameraMode":{"drawMode":0,"name":"Shaded","section":"Shading Mode"},"sceneLighting":true,"audioPlay":false,"sceneViewState":{"m_AlwaysRefresh":false,"showFog":true,"showSkybox":true,"showFlares":true,"showImageEffects":true,"showParticleSystems":true,"showVisualEffectGraphs":true,"m_FxEnabled":true},"in2DMode":false,"pivot":{"x":15.556622505187989,"y":5.317791938781738,"z":-10.144254684448243},"rotation":{"x":-0.2338722050189972,"y":0.7495408058166504,"z":-0.33770427107810976,"w":-0.5190843343734741},"size":0.8638915419578552,"orthographic":false}