﻿{"cameraMode":{"drawMode":0,"name":"Shaded","section":"Shading Mode"},"sceneLighting":false,"audioPlay":false,"sceneViewState":{"m_AlwaysRefresh":false,"showFog":true,"showSkybox":false,"showFlares":true,"showImageEffects":true,"showParticleSystems":true,"showVisualEffectGraphs":true,"m_FxEnabled":true},"in2DMode":false,"pivot":{"x":18.197479248046876,"y":7.50005578994751,"z":-11.4718017578125},"rotation":{"x":-0.008577118627727032,"y":0.9666664004325867,"z":-0.0303190890699625,"w":-0.2550733983516693},"size":0.07088744640350342,"orthographic":false}